INSERT INTO User VALUES ('admin@ltw.ltw', 'Master', 'Admin', '999999999', '$2y$12$gcFsv8qSWykwQtnghFwhveMP2H5jGftcKh6/zmnn7lZSyWhZcZo9m');
INSERT INTO User VALUES ('asd@asd.pt', 'Afonso', 'Sa', '999666999', '$2y$12$MPxX/IE8EM8EfTkFqocA..xdMpjStFTljoGcQz8.9kBdZJFEywv0u');
INSERT INTO User VALUES ('email@email.com', 'Email', 'Mr', '900900900', '$2y$12$NbNQgPF7HSK/Pe.fQrkyd.Zx3sMl/Dh5UOwis0C9uE0d8JSChtOrC');
INSERT INTO User VALUES ('nelson@email.com', 'Nelson', 'Gregorio', '910900904', '$2y$10$GMIRJw8NR/R3QpPg/HKNaepN1RC5acj/FDIpKPe3fYbK4.zSVL6o6');
INSERT INTO User VALUES ('joao@email.com', 'Joao', 'Cardoso', '930900900', '$2y$10$wM2InMYpyiVfVLmNFUTI1ueCnQCcN2ktybF5xXcXvnUB4HJzh5sm2');
INSERT INTO User VALUES ('maria@email.com', 'Maria', 'Joaquina', '931900900', '$2y$10$r06M4mdKp8f0DdtHVlnX3eEb0DWFaZrQSQZ3jBIKAaup6cajpvcwW');
INSERT INTO User VALUES ('vettel@email.com', 'Sebastian', 'Vettel', '910905900', '$2y$10$eMCzFYvBLGoNbNVIu/zWjO1cZkzWiE4UyPmLNoNw96UYTFec88OeK');
INSERT INTO User VALUES ('demarco@email.com', 'Mac', 'DeMarco', '920977900', '$2y$10$5mZoGFM3icJZkPW4o1dLjOecX1T4cVkg7FyzfobefXX2eQG8N6LiS');

INSERT INTO House VALUES (NULL, 'admin@ltw.ltw', '1576270000', '1840307600', 'Braga', 'Braga', 'Portugal', 'Rua de Braga', '3', '2', '3201-314', 'House in the center of Braga', '30.0', '2', 'true', 'false', 'true', 'false', 'true', 'false', '0', 'House in the center of Braga, near every tourist attraction and smells really nice because it has a bakery on the gound floor', 'true');
INSERT INTO House VALUES (NULL, 'asd@asd.pt', '1576278000', '1790876000', 'Porto', 'Porto', 'Portugal', 'Avenida dos Aliados', '2', '2', '1234-111', 'Title for my house', '45.0', '3', 'true', 'true', 'true', 'true', 'true', 'true', '4', 'Casa no centro do Porto com vista para as obras no mercado do Bolhão. É capaz de estar um pouco queimada, mas se não respirar no interior não há problemas.', 'true');
INSERT INTO House VALUES (NULL, 'asd@asd.pt', '1576796400', '1830207600', 'Porto', 'Porto', 'Portugal', 'Rua dos Clerigos', '44', '5', '1212-112', 'Porto - Small Apartament', '40.0', '3', 'true', 'true', 'true', 'false', 'false', 'true', '0', 'This house is up for rent because the neighbors make way too much noise, also the street has an awful incline that makes my blood accumulate in my feet.', 'true');
INSERT INTO House VALUES (NULL, 'email@email.com', '1576200000', '1577746800', 'Porto', 'Porto', 'Portugal', 'Rua de Costa Cabral', '1', '1', '1511-113', 'Porto - Rustic House', '120.0', '1', 'true', 'true', 'false', 'true', 'true', 'false', '0', 'This is a rustic house in Porto. The house is ideal for relaxing and spending time near the fireplace.', 'true');
INSERT INTO House VALUES (NULL, 'nelson@email.com', '1572500001', '1577746800', 'Porto', 'Porto', 'Portugal', 'Avenida da Boavista', '55', '2', '1651-342', 'Cosy house near Boavista', '120.0', '1', 'true', 'true', 'false', 'true', 'true', 'false', '0', 'A small cosy apartment near the famous Rotunda da Boavista, it is near the city centre and has metro stops nearby.', 'true');
INSERT INTO House VALUES (NULL, 'joao@email.com', '1572500002', '1577746800', 'Porto', 'Porto', 'Portugal', 'Rua de Santa Catarina', '77', '3', '2111-672', 'House in iconic street', '120.0', '1', 'true', 'true', 'false', 'true', 'true', 'false', '0', 'Apartment situated in the famous Rua de S Catarina, it is surronded by local stores and a small shopping center.', 'true');
INSERT INTO House VALUES (NULL, 'maria@email.com', '1572500003', '1577746800', 'Porto', 'Porto', 'Portugal', 'Rua de Cedofeita', '3', '4', '4021-123', 'Small house near bars and night life', '120.0', '1', 'true', 'true', 'false', 'true', 'true', 'false', '0', 'Excelent house for young people who love the night life and hanging out in bars.', 'true');
INSERT INTO House VALUES (NULL, 'asd@asd.pt', '1572500004', '1977756800', 'Braga', 'Braga', 'Portugal', 'Avenida da Liberdade', '31', '1', '4221-121', 'Apartment in the center of Braga', '99.9', '1', 'true', 'true', 'false', 'true', 'true', 'false', '0', 'Apartment in the famous Avenida da Liberdade in Braga, beautiful view to the city center.', 'true');
INSERT INTO House VALUES (NULL, 'asd@asd.pt', '1572500005', '1977766800', 'Famalicão', 'Braga', 'Portugal', 'Rua Direita', '32', '2', '4721-134', 'House in Famalicão', '50.0', '1', 'true', 'true', 'false', 'true', 'true', 'false', '0', 'House on a street that has a great incline, make sure your cardio is good enough to walk on this challenging street.', 'true');
INSERT INTO House VALUES (NULL, 'asd@asd.pt', '1572500006', '1977776800', 'Porto', 'Porto', 'Portugal', 'Rua das Carmelitas', '23', '1', '4521-101', 'Apartment - 1 Bed - Porto', '75.0', '1', 'true', 'true', 'false', 'true', 'true', 'false', '0', 'Extremelly clean house with a beautiful view and a great neighbourhood.', 'true');

INSERT INTO Rent VALUES ('admin@ltw.ltw', '2', '1580000000', '1590000000', NULL, NULL);
INSERT INTO Rent VALUES ('vettel@email.com', '2', '1590000000', '1690000000', NULL, NULL);
INSERT INTO Rent VALUES ('email@email.com', '1', '1580000000', '1590000000', NULL, NULL);
INSERT INTO Rent VALUES ('demarco@email.com', '3', '1580000001', '1590000000', NULL, NULL);
INSERT INTO Rent VALUES ('email@email.com', '3', '1590000001', '1599000001', NULL, NULL);
INSERT INTO Rent VALUES ('asd@asd.pt', '4', '1573570000', '1574570000', NULL, NULL);
INSERT INTO Rent VALUES ('asd@asd.pt', '5', '1576570005', '1590000002', NULL, NULL);
INSERT INTO Rent VALUES ('asd@asd.pt', '6', '1580000001', '1590000002', NULL, NULL);
INSERT INTO Rent VALUES ('asd@asd.pt', '7', '1573570003', '1574570001', NULL, NULL);
INSERT INTO Rent VALUES ('asd@asd.pt', '8', '1580000002', '1588000005', NULL, NULL);
INSERT INTO Rent VALUES ('asd@asd.pt', '9', '1573570000', '1574570007', NULL, NULL);
INSERT INTO Rent VALUES ('asd@asd.pt', '10', '1580000002', '1590000002', NULL, NULL);